{"loss": [3.3964619636535645], "accuracy": [0.13424745202064514]}